productName,price
SWEATER OVERSIZED,"
          €94,90
        ,
          €129,90
        ,
          €134,90
        ,
          €169,90
        ,
          €329,90
        "
PORSCHE X LAMAREL OVERSIZED SWEATER,"
          €91,10
        ,
          €129,90
        ,
          €134,90
        ,
          €169,90
        ,
          €329,90
        "
KNIT SWEATER,"
          €124,90
        ,
          €129,90
        ,
          €134,90
        ,
          €169,90
        ,
          €329,90
        "
DOG CLUB SWEATER OVERSIZED,"
          €124,90
        ,
          €129,90
        ,
          €134,90
        ,
          €169,90
        ,
          €329,90
        "
KNIT V-NECK,"
          €124,90
        ,
          €129,90
        ,
          €134,90
        ,
          €169,90
        ,
          €329,90
        "
LINEN SHIRT,"
          €119,90
        ,
          €94,90
        ,
          €104,90
        ,
          €39,90
        ,
          €134,90
        "
LAMAREL STRAIGHT JEANS,"
          €134,90
        ,
          €129,90
        ,
          €134,90
        ,
          €169,90
        ,
          €329,90
        "
ATHLETIC ATTIRE ZIP SWEATER OVERSIZED,"
          €124,90
        ,
          €129,90
        ,
          €134,90
        ,
          €169,90
        ,
          €329,90
        "
LAMAREL JEANS,"
          €119,90
        ,
          €94,90
        ,
          €104,90
        ,
          €39,90
        ,
          €134,90
        "
PORSCHE X LAMAREL T-SHIRT EXTRA OVERSIZED,"
          €35,60
        ,
          €129,90
        ,
          €134,90
        ,
          €169,90
        ,
          €329,90
        "
TROUSERS,"
          €194,90
        ,
          €129,90
        ,
          €134,90
        ,
          €169,90
        ,
          €329,90
        "
TRACK PANTS,"
          €94,90
        ,
          €94,90
        ,
          €104,90
        ,
          €39,90
        ,
          €134,90
        "
BLAZER,"
          €289,90
        ,
          €94,90
        ,
          €104,90
        ,
          €39,90
        ,
          €134,90
        "
OFF-SHOULDER DRESS,"
          €109,90
        ,
          €129,90
        ,
          €134,90
        ,
          €169,90
        ,
          €329,90
        "
WINCHESTER SHIRT,"
          €104,90
        ,
          €129,90
        ,
          €134,90
        ,
          €169,90
        ,
          €329,90
        "
BODY 02 CUT-OUT,"
          €74,90
        ,
          €94,90
        ,
          €104,90
        ,
          €39,90
        ,
          €134,90
        "
OVERSIZED BLAZER,"
          €329,90
        ,
          €94,90
        ,
          €104,90
        ,
          €39,90
        ,
          €134,90
        "
WITHIN MOOD X LAMAREL CAP,"
          €49,90
        ,
          €94,90
        ,
          €104,90
        ,
          €39,90
        ,
          €134,90
        "
DOG CLUB BANDANA,"
          €29,90
        ,
          €129,90
        ,
          €134,90
        ,
          €169,90
        ,
          €329,90
        "
BODY 03 ROUND NECK,"
          €69,90
        ,
          €94,90
        ,
          €104,90
        ,
          €39,90
        ,
          €134,90
        "
TURTLENECK BODY,"
          €69,90
        ,
          €129,90
        ,
          €134,90
        ,
          €169,90
        ,
          €329,90
        "
WRAP COAT,"
          €489,90
        ,
          €94,90
        ,
          €104,90
        ,
          €39,90
        ,
          €134,90
        "
LAMAREL BASEBALL CAP,"
          €49,90
        ,
          €94,90
        ,
          €104,90
        ,
          €39,90
        ,
          €134,90
        "
WITHIN MOOD X LAMAREL STRAIGHT LEG TRACK PANTS,"
          €94,90
        ,
          €129,90
        ,
          €134,90
        ,
          €169,90
        ,
          €329,90
        "
LINEN PANTS,"
          €109,90
        ,
          €94,90
        ,
          €104,90
        ,
          €39,90
        ,
          €134,90
        "
STRAIGHT LEG TRACK PANTS,"
          €94,90
        ,
          €94,90
        ,
          €104,90
        ,
          €39,90
        ,
          €134,90
        "
STRIPED PANTS,"
          €89,90
        ,
          €94,90
        ,
          €104,90
        ,
          €39,90
        ,
          €134,90
        "
BETTER DAYS BODY,"
          €69,90
        ,
          €129,90
        ,
          €134,90
        ,
          €169,90
        ,
          €329,90
        "
TRACK PANTS NO FLEECE,"
          €94,90
        ,
          €129,90
        ,
          €134,90
        ,
          €169,90
        ,
          €329,90
        "
SWISS SPORT TOTE BAG,"
          €39,90
        ,
          €94,90
        ,
          €104,90
        ,
          €39,90
        ,
          €134,90
        "
ATHLETIC ATTIRE TOTE BAG,"
          €39,90
        ,
          €94,90
        ,
          €104,90
        ,
          €39,90
        ,
          €134,90
        "
CARD HOLDER,"
          €84,90
        ,
          €129,90
        ,
          €134,90
        ,
          €169,90
        ,
          €329,90
        "
BIODEGRADABLE RETRO SUNGLASSES,"
          €179,90
        ,
          €94,90
        ,
          €104,90
        ,
          €39,90
        ,
          €134,90
        "
BEANIE OVERSIZED,"
          €29,90
        ,
          €94,90
        ,
          €104,90
        ,
          €39,90
        ,
          €134,90
        "
ATHLETIC ATTIRE CAP,"
          €49,90
        ,
          €94,90
        ,
          €104,90
        ,
          €39,90
        ,
          €134,90
        "
THE CLASSICS CLUB TOTE BAG,"
          €39,90
        ,
          €129,90
        ,
          €134,90
        ,
          €169,90
        ,
          €329,90
        "
TOTE BAG,"
          €39,90
        ,
          €94,90
        ,
          €104,90
        ,
          €39,90
        ,
          €134,90
        "
PASSPORT HOLDER,"
          €124,90
        ,
          €129,90
        ,
          €134,90
        ,
          €169,90
        ,
          €329,90
        "
WOOL-BLENDED JACKET,"
          €389,90
        ,
          €94,90
        ,
          €104,90
        ,
          €39,90
        ,
          €134,90
        "
1992 TOTE BAG,"
          €39,90
        ,
          €94,90
        ,
          €104,90
        ,
          €39,90
        ,
          €134,90
        "
DENIM JACKET,"
          €169,90
        ,
          €129,90
        ,
          €134,90
        ,
          €169,90
        ,
          €329,90
        "
LEATHER RIDING BOOTS,"
          €329,90
        ,
          €94,90
        ,
          €104,90
        ,
          €39,90
        ,
          €134,90
        "
PADDED VEST,"
          €194,90
        ,
          €129,90
        ,
          €134,90
        ,
          €169,90
        ,
          €329,90
        "
LAMAREL CLASSIC SOCKS,"
          €14,90
        ,
          €94,90
        ,
          €104,90
        ,
          €39,90
        ,
          €134,90
        "
LAMAREL CAP,"
          €39,90
        ,
          €129,90
        ,
          €134,90
        ,
          €169,90
        ,
          €329,90
        "
PADDED JACKET,"
          €249,90
        ,
          €129,90
        ,
          €134,90
        ,
          €169,90
        ,
          €329,90
        "
TRENCH COAT,"
          €429,90
        ,
          €94,90
        ,
          €104,90
        ,
          €39,90
        ,
          €134,90
        "
BOMBER JACKET,"
          €224,90
        ,
          €94,90
        ,
          €104,90
        ,
          €39,90
        ,
          €134,90
        "
WRAP COAT WOOL,"
          €494,90
        ,
          €129,90
        ,
          €134,90
        ,
          €169,90
        ,
          €329,90
        "
BELTED KHAKI TRENCH COAT,"
          €489,90
        ,
          €94,90
        ,
          €104,90
        ,
          €39,90
        ,
          €134,90
        "
KHAKI TRENCH COAT,"
          €429,90
        ,
          €94,90
        ,
          €104,90
        ,
          €39,90
        ,
          €134,90
        "
BLAZER COAT,"
          €489,90
        ,
          €94,90
        ,
          €104,90
        ,
          €39,90
        ,
          €134,90
        "
WITHIN MOOD X LAMAREL THAI SHORTS,"
          €69,90
        ,
          €129,90
        ,
          €134,90
        ,
          €169,90
        ,
          €329,90
        "
TANK TOP 03,"
          €39,90
        ,
          €94,90
        ,
          €104,90
        ,
          €39,90
        ,
          €134,90
        "
WOOL-BLENDED BOMBER JACKET,"
          €389,90
        ,
          €94,90
        ,
          €104,90
        ,
          €39,90
        ,
          €134,90
        "
CUT-OUT TOP,"
          €39,90
        ,
          €129,90
        ,
          €134,90
        ,
          €169,90
        ,
          €329,90
        "
TWISTED TOP,"
          €49,90
        ,
          €129,90
        ,
          €134,90
        ,
          €169,90
        ,
          €329,90
        "
LONG SLEEVE FITTED TOP,"
          €39,90
        ,
          €94,90
        ,
          €104,90
        ,
          €39,90
        ,
          €134,90
        "
DRAPED TOP,"
          €64,90
        ,
          €129,90
        ,
          €134,90
        ,
          €169,90
        ,
          €329,90
        "
OFF-SHOULDER TOP,"
          €49,90
        ,
          €129,90
        ,
          €134,90
        ,
          €169,90
        ,
          €329,90
        "
RIBBED TUBE TOP,"
          €49,90
        ,
          €94,90
        ,
          €104,90
        ,
          €39,90
        ,
          €134,90
        "
TANK TOP 02,"
          €39,90
        ,
          €94,90
        ,
          €104,90
        ,
          €39,90
        ,
          €134,90
        "
RIBBED SPAGHETTI TOP,"
          €39,90
        ,
          €129,90
        ,
          €134,90
        ,
          €169,90
        ,
          €329,90
        "
STRIPED SHORTS,"
          €69,90
        ,
          €94,90
        ,
          €104,90
        ,
          €39,90
        ,
          €134,90
        "
LINEN SHORTS,"
          €89,90
        ,
          €129,90
        ,
          €134,90
        ,
          €169,90
        ,
          €329,90
        "
STRIPED BOXERSHORTS,"
          €69,90
        ,
          €94,90
        ,
          €104,90
        ,
          €39,90
        ,
          €134,90
        "
TWO COLOR TOP,"
          €39,90
        ,
          €94,90
        ,
          €104,90
        ,
          €39,90
        ,
          €134,90
        "
SHORTS NO FLEECE,"
          €69,90
        ,
          €129,90
        ,
          €134,90
        ,
          €169,90
        ,
          €329,90
        "
THAI SHORTS,"
          €69,90
        ,
          €94,90
        ,
          €104,90
        ,
          €39,90
        ,
          €134,90
        "
SHORTS,"
          €69,90
        ,
          €94,90
        ,
          €104,90
        ,
          €39,90
        ,
          €134,90
        "
RIBBED SQUARED TOP,"
          €49,90
        ,
          €129,90
        ,
          €134,90
        ,
          €169,90
        ,
          €329,90
        "
SLIM BLAZER,"
          €329,90
        ,
          €94,90
        ,
          €104,90
        ,
          €39,90
        ,
          €134,90
        "
PIED DE POULE BLAZER,"
          €329,90
        ,
          €94,90
        ,
          €104,90
        ,
          €39,90
        ,
          €134,90
        "
THAI SHORTS NO FLEECE,"
          €69,90
        ,
          €129,90
        ,
          €134,90
        ,
          €169,90
        ,
          €329,90
        "
CHECKED BLAZER,"
          €329,90
        ,
          €129,90
        ,
          €134,90
        ,
          €169,90
        ,
          €329,90
        "
SPIGA BLAZER,"
          €329,90
        ,
          €129,90
        ,
          €134,90
        ,
          €169,90
        ,
          €329,90
        "
COLLAR SHIRT,"
          €129,90
        ,
          €94,90
        ,
          €104,90
        ,
          €39,90
        ,
          €134,90
        "
SHIRT,"
          €104,90
        ,
          €94,90
        ,
          €104,90
        ,
          €39,90
        ,
          €134,90
        "
DENIM SHIRT,"
          €104,90
        ,
          €129,90
        ,
          €134,90
        ,
          €169,90
        ,
          €329,90
        "
STRIPED SHIRT,"
          €94,90
        ,
          €94,90
        ,
          €104,90
        ,
          €39,90
        ,
          €134,90
        "
LINEN SHIRT DRESS,"
          €164,90
        ,
          €94,90
        ,
          €104,90
        ,
          €39,90
        ,
          €134,90
        "
BANDEAU TOP,"
          €39,90
        ,
          €94,90
        ,
          €104,90
        ,
          €39,90
        ,
          €134,90
        "
PILATES PANTS,"
          €69,90
        ,
          €94,90
        ,
          €104,90
        ,
          €39,90
        ,
          €134,90
        "
VISCOSE SHIRT,"
          €129,90
        ,
          €129,90
        ,
          €134,90
        ,
          €169,90
        ,
          €329,90
        "
VISCOSE PANTS,"
          €109,90
        ,
          €129,90
        ,
          €134,90
        ,
          €169,90
        ,
          €329,90
        "
KNIT TOP,"
          €69,90
        ,
          €129,90
        ,
          €134,90
        ,
          €169,90
        ,
          €329,90
        "
KNIT SKIRT,"
          €109,90
        ,
          €129,90
        ,
          €134,90
        ,
          €169,90
        ,
          €329,90
        "
RUFFLED DRESS,"
          €134,90
        ,
          €94,90
        ,
          €104,90
        ,
          €39,90
        ,
          €134,90
        "
T-SHIRT EXTRA OVERSIZED,"
          €39,90
        ,
          €94,90
        ,
          €104,90
        ,
          €39,90
        ,
          €134,90
        "
T-SHIRT OVERSIZED CROPPED,"
          €49,90
        ,
          €129,90
        ,
          €134,90
        ,
          €169,90
        ,
          €329,90
        "
T-SHIRT RIBBED OVERSIZED,"
          €39,90
        ,
          €94,90
        ,
          €104,90
        ,
          €39,90
        ,
          €134,90
        "
STRIPED T-SHIRT,"
          €39,90
        ,
          €94,90
        ,
          €104,90
        ,
          €39,90
        ,
          €134,90
        "
STRIPED T-SHIRT LONG SLEEVE,"
          €64,90
        ,
          €94,90
        ,
          €104,90
        ,
          €39,90
        ,
          €134,90
        "
CLASSIC T-SHIRT,"
          €39,90
        ,
          €94,90
        ,
          €104,90
        ,
          €39,90
        ,
          €134,90
        "
T-SHIRT OVERSIZED,"
          €49,90
        ,
          €129,90
        ,
          €134,90
        ,
          €169,90
        ,
          €329,90
        "
RIBBED T-SHIRT,"
          €49,90
        ,
          €94,90
        ,
          €104,90
        ,
          €39,90
        ,
          €134,90
        "
SWEATER OVERSIZED NO FLEECE,"
          €94,90
        ,
          €129,90
        ,
          €134,90
        ,
          €169,90
        ,
          €329,90
        "
LAMAREL UNIVERSITY OVERSIZED SWEATER,"
          €94,90
        ,
          €94,90
        ,
          €104,90
        ,
          €39,90
        ,
          €134,90
        "
RIBBED LONG SLEEVE TOP,"
          €59,90
        ,
          €94,90
        ,
          €104,90
        ,
          €39,90
        ,
          €134,90
        "
LAMAREL SPORT SWEATER OVERSIZED,"
          €94,90
        ,
          €94,90
        ,
          €104,90
        ,
          €39,90
        ,
          €134,90
        "
ZIP SWEATER OVERSIZED,"
          €94,90
        ,
          €94,90
        ,
          €104,90
        ,
          €39,90
        ,
          €134,90
        "
V-NECK SWEATER,"
          €94,90
        ,
          €129,90
        ,
          €134,90
        ,
          €169,90
        ,
          €329,90
        "
V-NECK SWEATER NO FLEECE,"
          €94,90
        ,
          €129,90
        ,
          €134,90
        ,
          €169,90
        ,
          €329,90
        "
SWEATER NO FLEECE,"
          €94,90
        ,
          €129,90
        ,
          €134,90
        ,
          €169,90
        ,
          €329,90
        "
HOODIE OVERSIZED,"
          €104,90
        ,
          €94,90
        ,
          €104,90
        ,
          €39,90
        ,
          €134,90
        "
THE CLASSICS CLUB SWEATER OVERSIZED,"
          €94,90
        ,
          €94,90
        ,
          €104,90
        ,
          €39,90
        ,
          €134,90
        "
T-SHIRT OVERSIZED LOGO,"
          €49,90
        ,
          €129,90
        ,
          €134,90
        ,
          €169,90
        ,
          €329,90
        "
TANK TOP 01,"
          €39,90
        ,
          €94,90
        ,
          €104,90
        ,
          €39,90
        ,
          €134,90
        "
SWEATER,"
          €94,90
        ,
          €129,90
        ,
          €134,90
        ,
          €169,90
        ,
          €329,90
        "
